,Month_Year,Interest
0,20140508,10236
1,20160605,138
2,20150804,22
3,20150309,20
4,20130707,8
5,20121022,4
6,20120906,9
7,20140509,2947
8,20160606,6178
9,20150805,14
10,20141120,43
11,20130708,18
12,20121023,3
13,20120907,4
14,20160607,2040
15,20150806,21
16,20141121,16
17,20130709,15
18,20121024,1
19,20120908,1
20,20111223,1
21,20130430,6006
22,20160608,3935
23,20150807,16
24,20141122,11
25,20121025,6
26,20120909,1
27,20160609,148
28,20150808,17
29,20141123,13
30,20120630,7
31,20121026,2
32,20110830,1197
33,20160330,2630
34,20150809,12
35,20141124,11
36,20121027,4
37,20150530,2869
38,20110831,328
39,20160331,778
40,20141125,14
41,20121028,1
42,20150531,1051
43,20141126,8
44,20140730,18
45,20121029,2
46,20141127,11
47,20140731,12
48,20130930,3
49,20141128,9
50,20141010,19
51,20111112,1
52,20141129,16
53,20141011,11
54,20140120,11
55,20131210,10
56,20111113,1
57,20141012,21
58,20140121,18
59,20131211,5
60,20130320,20
61,20111114,2
62,20120520,918
63,20141013,27
64,20140122,5
65,20131212,5
66,20130321,45
67,20160220,1958
68,20141014,30
69,20140123,8
70,20131213,8
71,20130322,27
72,20120521,23
73,20150420,11992
74,20160221,1813
75,20141015,14
76,20140124,11
77,20131214,9
78,20130323,25
79,20120522,6
80,20150421,5854
81,20110722,3374
82,20160222,2163
83,20141016,13
84,20140620,58
85,20140125,7
86,20131215,5
87,20130324,29
88,20120523,8
89,20150422,7176
90,20110723,1855
91,20160223,2149
92,20141017,10
93,20140621,48
94,20140126,11
95,20131216,5
96,20130820,8
97,20130325,27
98,20120524,6
99,20150423,4820
100,20110724,1656
101,20160224,2849
102,20141018,20
103,20140622,41
104,20140127,8
105,20131217,6
106,20130821,7
107,20130326,21
108,20120525,1
109,20150424,1408
110,20110725,516
111,20160225,2737
112,20141019,26
113,20140623,61
114,20140128,13
115,20130822,15
116,20130327,44
117,20120526,5
118,20131218,6
119,20110726,1020
120,20160226,2317
121,20150920,18
122,20150425,30
123,20140624,275
124,20140129,8
125,20131219,5
126,20131101,3
127,20130823,8
128,20130328,48
129,20120527,6
130,20150426,847
131,20110727,581
132,20111005,236
133,20120410,5505
134,20160227,1791
135,20150921,24
136,20140625,219
137,20131102,5
138,20130824,8
139,20130329,59
140,20120528,12
141,20130211,8
142,20150427,2991
143,20110728,982
144,20110610,801
145,20111006,666
146,20160228,1768
147,20160110,1538
148,20150922,18
149,20140626,83
150,20131103,6
151,20130825,13
152,20130212,12
153,20120529,17
154,20120411,6
155,20150428,5828
156,20110729,2235
157,20110611,714
158,20111007,744
159,20160229,1921
160,20160111,2085
161,20151201,5
162,20150923,15
163,20150310,20
164,20140627,53
165,20131104,5
166,20130826,6
167,20130213,16
168,20120412,1
169,20150429,8642
170,20110612,2290
171,20111008,610
172,20120413,603
173,20160112,1371
174,20140510,4888
175,20151202,10
176,20150924,38
177,20150311,28
178,20140628,58
179,20131105,7
180,20130827,7
181,20130214,3
182,20110613,1397
183,20111009,610
184,20160113,1432
185,20140511,8183
186,20151203,3
187,20150925,22
188,20150312,21
189,20140629,38
190,20131106,10
191,20130828,3
192,20130710,54
193,20130215,4
194,20120414,6
195,20110614,6494
196,20120415,507
197,20160114,1332
198,20140512,3964
199,20151204,14
200,20150926,24
201,20150313,19
202,20131107,4
203,20130829,12
204,20130711,45
205,20130216,7
206,20120910,7
207,20110615,3306
208,20120416,2924
209,20160115,1265
210,20140513,14381
211,20160610,4700
212,20151205,14
213,20150927,41
214,20150314,71
215,20131108,6
216,20130712,27
217,20130217,1
218,20120911,5
219,20120417,4601
220,20160116,1327
221,20140514,6776
222,20160611,2208
223,20151206,9
224,20150928,23
225,20150810,32
226,20150315,44
227,20131109,6
228,20130713,16
229,20130218,6
230,20120912,4
231,20110617,600
232,20120418,2217
233,20160117,1279
234,20140515,10058
235,20160612,127
236,20151207,18
237,20150929,15
238,20150811,40
239,20150316,45
240,20130714,17
241,20130219,8
242,20130101,3
243,20120913,1
244,20110618,2341
245,20120419,668
246,20160118,1472
247,20140516,6548
248,20160613,1694
249,20151208,8
250,20150812,20
251,20150317,37
252,20130715,6
253,20120914,3
254,20110619,4150
255,20160119,1466
256,20140517,3034
257,20160614,11503
258,20151209,9
259,20150813,16
260,20150318,14
261,20130716,8
262,20130103,2
263,20121031,2
264,20120915,1
265,20120302,1
266,20140518,3520
267,20160615,289
268,20150814,32
269,20150319,39
270,20150201,24
271,20130717,9
272,20130104,9
273,20120916,4
274,20120303,1
275,20111231,1
276,20140519,9036
277,20160616,1965
278,20150815,13
279,20150202,28
280,20141130,13
281,20140401,39
282,20130718,14
283,20130105,5
284,20120917,8
285,20160617,4983
286,20150816,20
287,20150203,14
288,20140402,20
289,20130719,18
290,20130601,10
291,20130106,3
292,20120918,5
293,20120305,3
294,20160618,2410
295,20150817,30
296,20150204,23
297,20140403,34
298,20130602,10
299,20130107,5
300,20120801,6
301,20120306,5
302,20110505,1
303,20120919,3
304,20130603,149
305,20140404,1276
306,20160619,1951
307,20160501,69
308,20150818,20
309,20150205,17
310,20120307,4
311,20130108,4
312,20120802,2
313,20140405,3437
314,20160502,870
315,20150819,25
316,20150701,21
317,20150206,15
318,20130604,87
319,20130109,6
320,20120803,3
321,20120308,5
322,20160503,337
323,20150702,28
324,20150207,9
325,20140901,34
326,20140406,107
327,20130605,38
328,20120804,2
329,20120309,2
330,20160504,221
331,20150703,58
332,20150208,21
333,20140902,23
334,20140407,187
335,20130606,26
336,20120805,4
337,20130607,4602
338,20140408,12347
339,20160505,2935
340,20150704,66
341,20150209,25
342,20140903,9
343,20120806,4
344,20130608,7432
345,20140409,5386
346,20160506,199
347,20150705,30
348,20141020,8
349,20140904,13
350,20120807,5
351,20111122,1
352,20130609,8613
353,20160507,2305
354,20150706,32
355,20141021,13
356,20140905,25
357,20140130,11
358,20131220,4
359,20120808,2
360,20160508,1886
361,20150707,23
362,20141022,10
363,20140906,17
364,20140131,12
365,20131221,6
366,20130330,85
367,20120809,2
368,20120530,5193
369,20160509,432
370,20150708,22
371,20141023,12
372,20140907,22
373,20131222,7
374,20130331,154
375,20110730,585
376,20120531,2418
377,20150709,27
378,20141024,10
379,20140908,16
380,20131223,6
381,20150430,5288
382,20141025,11
383,20140909,8
384,20111127,1
385,20110731,3
386,20131224,4
387,20111010,334
388,20141026,37
389,20140630,56
390,20131225,9
391,20111128,1
392,20141027,13
393,20131226,3
394,20130830,9
395,20141028,15
396,20131227,6
397,20130831,15
398,20141029,22
399,20131228,4
400,20131110,3
401,20150930,11
402,20131229,4
403,20131111,4
404,20130220,12
405,20120420,4581
406,20131112,10
407,20130221,4
408,20111015,1
409,20110620,2960
410,20120421,981
411,20160120,1476
412,20151210,12
413,20131113,5
414,20130222,3
415,20111016,2
416,20110621,9740
417,20160121,1393
418,20151211,25
419,20150320,20
420,20131114,8
421,20130223,11
422,20120422,2
423,20110622,7400
424,20120423,31
425,20160122,5632
426,20140520,19901
427,20151212,21
428,20150321,26
429,20131115,6
430,20130224,11
431,20110623,1702
432,20111019,588
433,20120424,6457
434,20160123,28684
435,20140521,4147
436,20151213,19
437,20150322,13
438,20131116,6
439,20130720,26
440,20130225,3
441,20120425,7392
442,20160124,5637
443,20140522,2253
444,20151214,12
445,20150323,56
446,20131117,10
447,20130721,46
448,20130226,6
449,20120920,4
450,20110624,1
451,20120426,5720
452,20160125,1782
453,20140523,8760
454,20160620,2279
455,20150324,37
456,20131118,3
457,20130722,24
458,20130227,8
459,20151215,6
460,20120921,5
461,20120427,5131
462,20160126,1717
463,20140524,7929
464,20160621,10576
465,20151216,5
466,20150820,7
467,20150325,32
468,20131119,5
469,20130723,39
470,20130228,3
471,20120922,2
472,20110626,1
473,20131001,2
474,20130110,3
475,20110627,894
476,20120428,5556
477,20160127,1686
478,20140525,5577
479,20160622,2716
480,20151217,14
481,20150821,14
482,20150326,21
483,20131002,3
484,20130724,24
485,20130111,5
486,20121201,4
487,20120923,2
488,20120310,1
489,20110628,3472
490,20120429,5376
491,20160128,1479
492,20140526,9931
493,20160623,3529
494,20151218,26
495,20150822,11
496,20150327,73
497,20131003,4
498,20130725,9
499,20121202,6
500,20120311,2
501,20130112,2
502,20120924,3
503,20110629,3052
504,20160129,1402
505,20140527,5736
506,20160624,603
507,20151219,7
508,20151101,26
509,20150823,51
510,20150328,80
511,20150210,45
512,20131004,4
513,20130726,11
514,20130113,2
515,20121203,5
516,20120925,6
517,20120312,1
518,20140410,2345
519,20140528,4203
520,20160625,1470
521,20151102,14
522,20150824,22
523,20150329,31
524,20150211,36
525,20131005,9
526,20130727,10
527,20130114,1
528,20121204,3
529,20120313,3
530,20130610,6715
531,20140411,2128
532,20140529,8354
533,20160626,608
534,20151103,15
535,20150825,9
536,20150212,44
537,20131006,4
538,20130728,13
539,20120314,1
540,20121205,4
541,20130115,2
542,20120927,2
543,20130611,9566
544,20160627,10589
545,20151104,27
546,20150826,19
547,20150213,32
548,20140412,30
549,20131007,4
550,20130729,10
551,20120928,3
552,20120810,3
553,20120315,3
554,20130116,11
555,20121206,2
556,20130612,8096
557,20140413,5922
558,20160628,16578
559,20160510,232
560,20151105,16
561,20150827,15
562,20150214,18
563,20131008,2
564,20130117,8
565,20120811,4
566,20120316,1
567,20121207,5
568,20120929,1
569,20130613,6065
570,20140414,4353
571,20160629,4238
572,20160511,166
573,20151106,24
574,20150828,14
575,20150710,26
576,20150215,20
577,20131009,6
578,20130118,7
579,20121208,6
580,20120317,6
581,20110516,1
582,20120812,2
583,20130614,5118
584,20160512,182
585,20151107,23
586,20150829,20
587,20150711,52
588,20150216,38
589,20140910,25
590,20140415,129
591,20121209,2
592,20120813,1
593,20130615,7318
594,20140416,4958
595,20160513,143
596,20151108,24
597,20150712,62
598,20150217,31
599,20140911,21
600,20130616,4074
601,20140417,6399
602,20160514,184
603,20151109,21
604,20150713,32
605,20150218,34
606,20140912,15
607,20111130,2
608,20120815,2
609,20130617,4664
610,20140418,6691
611,20160515,1979
612,20150714,27
613,20150219,14
614,20150101,56
615,20140913,15
616,20120816,5
617,20120203,1
618,20110402,3
619,20130618,4545
620,20140419,1870
621,20160516,730
622,20150715,29
623,20150102,9
624,20141030,16
625,20140914,21
626,20140301,23
627,20120817,7
628,20110403,3
629,20130619,3607
630,20160517,4186
631,20150716,31
632,20141031,26
633,20140915,22
634,20140302,15
635,20131230,21
636,20130501,15
637,20110404,1
638,20150103,9
639,20160518,687
640,20150717,32
641,20150104,30
642,20140916,17
643,20140303,27
644,20131231,8
645,20130502,9
646,20120819,3
647,20120701,5
648,20160401,224
649,20160519,218
650,20150718,32
651,20150105,12
652,20140917,13
653,20140304,15
654,20130503,13
655,20120702,6
656,20150601,158
657,20160402,934
658,20150719,44
659,20150106,64
660,20140918,20
661,20140305,27
662,20130504,11
663,20110407,1
664,20120703,2
665,20150602,1466
666,20160403,1405
667,20150107,67
668,20140919,25
669,20140801,12
670,20140306,24
671,20130505,10
672,20110903,1
673,20120704,2
674,20150603,1681
675,20111020,212
676,20130506,2859
677,20160404,948
678,20150108,61
679,20140802,25
680,20140307,30
681,20120705,3
682,20150604,7046
683,20130507,9788
684,20160405,20
685,20150109,19
686,20140803,20
687,20140308,47
688,20120706,3
689,20150605,2807
690,20130508,4431
691,20160406,1055
692,20140804,26
693,20140309,45
694,20120707,9
695,20150606,1475
696,20130509,3850
697,20160407,683
698,20140805,21
699,20131120,3
700,20120708,18
701,20150607,1141
702,20160408,19
703,20140806,16
704,20131121,10
705,20120709,3
706,20150608,3373
707,20120430,5088
708,20160409,278
709,20140807,10
710,20131122,5
711,20110630,784
712,20160130,1242
713,20151220,11
714,20150609,59
715,20140808,15
716,20131123,6
717,20111027,742
718,20160131,1795
719,20151221,7
720,20150330,38
721,20140809,18
722,20131124,8
723,20111028,808
724,20140530,1216
725,20151222,14
726,20150331,47
727,20131125,5
728,20111029,700
729,20151223,13
730,20140531,43
731,20131126,8
732,20130730,9
733,20151224,11
734,20131127,10
735,20130731,15
736,20120930,2
737,20160630,1690
738,20151225,13
739,20131128,8
740,20131010,4
741,20151226,5
742,20150830,14
743,20131129,17
744,20131011,6
745,20130120,5
746,20121210,2
747,20151227,10
748,20150831,22
749,20130121,5
750,20121211,6
751,20131012,5
752,20151228,10
753,20151110,28
754,20131013,8
755,20130122,6
756,20121212,5
757,20151229,10
758,20151111,12
759,20150220,32
760,20131014,9
761,20120322,1
762,20121213,4
763,20140420,1227
764,20151112,15
765,20150221,48
766,20131015,6
767,20130124,5
768,20121214,1
769,20120323,6
770,20130620,987
771,20140421,3108
772,20151113,13
773,20150222,19
774,20131016,9
775,20130125,4
776,20120324,2
777,20121215,1
778,20140422,9389
779,20151114,14
780,20150223,44
781,20130621,17
782,20130126,5
783,20121216,2
784,20120325,1
785,20120820,3
786,20131017,1
787,20110525,974
788,20140423,4930
789,20160520,1024
790,20151115,14
791,20150224,18
792,20131018,3
793,20130622,18
794,20130127,3
795,20121217,7
796,20110526,2728
797,20140424,2209
798,20160521,2423
799,20151116,21
800,20150720,27
801,20150225,16
802,20131019,10
803,20130623,11
804,20130128,3
805,20121218,5
806,20120822,3
807,20120327,2
808,20110527,2166
809,20140425,4902
810,20160522,1892
811,20151117,14
812,20150721,20
813,20150226,20
814,20140920,14
815,20130624,17
816,20121219,36
817,20121101,3
818,20130129,3
819,20110528,1840
820,20140426,1678
821,20160523,3856
822,20151118,13
823,20150722,25
824,20150227,27
825,20140921,11
826,20130625,14
827,20120824,6
828,20110410,1
829,20121102,1
830,20110529,1756
831,20140427,1865
832,20160524,3758
833,20151119,32
834,20151001,13
835,20150723,29
836,20150228,33
837,20150110,51
838,20140922,14
839,20130626,19
840,20120825,4
841,20121103,1
842,20140428,2829
843,20160525,1972
844,20151002,12
845,20150724,16
846,20150111,24
847,20141201,10
848,20140923,21
849,20140310,62
850,20130627,29
851,20120826,3
852,20121104,3
853,20130628,1454
854,20130510,1147
855,20140429,7263
856,20160526,1076
857,20151003,18
858,20150725,18
859,20150112,24
860,20141202,10
861,20140924,28
862,20140311,60
863,20120827,2
864,20121105,2
865,20130629,2756
866,20160527,3080
867,20151004,21
868,20150726,22
869,20150113,20
870,20141203,17
871,20140925,24
872,20140312,53
873,20130511,8
874,20121106,17
875,20120828,4
876,20110414,3
877,20120710,4
878,20160410,879
879,20160528,696
880,20151005,9
881,20150727,21
882,20150114,19
883,20141204,7
884,20140926,23
885,20140313,49
886,20130512,10
887,20121107,10
888,20120711,2
889,20120216,1
890,20110415,3
891,20120829,4
892,20150610,1245
893,20130513,10316
894,20160529,1872
895,20160411,60
896,20151006,9
897,20150728,22
898,20150115,8
899,20141205,20
900,20140927,16
901,20140314,25
902,20120712,3
903,20110416,1
904,20121108,3
905,20150611,7631
906,20130514,10552
907,20160412,747
908,20151007,17
909,20150729,21
910,20150116,32
911,20141206,24
912,20140928,27
913,20140810,12
914,20140315,21
915,20120713,7
916,20121109,7
917,20150612,1842
918,20130515,1879
919,20160413,1303
920,20151008,17
921,20150117,13
922,20141207,24
923,20140929,21
924,20140811,24
925,20140316,15
926,20120714,11
927,20120219,1
928,20150613,3384
929,20111030,150
930,20130516,2531
931,20160414,3506
932,20151009,32
933,20150118,12
934,20141208,21
935,20140812,9
936,20140317,29
937,20110914,1
938,20120715,6
939,20150614,7462
940,20130517,4625
941,20160415,1193
942,20150119,14
943,20141209,13
944,20140813,20
945,20140318,17
946,20120716,1
947,20150615,5536
948,20130518,2808
949,20160416,1344
950,20140814,47
951,20140319,43
952,20140201,18
953,20120717,4
954,20150616,8643
955,20130401,35437
956,20130519,3341
957,20160417,1048
958,20140815,31
959,20140202,15
960,20131130,15
961,20120718,4
962,20150617,3491
963,20130402,24176
964,20160418,51
965,20140816,21
966,20140203,16
967,20120601,2
968,20120106,1
969,20120719,4
970,20110918,1
971,20150618,8748
972,20130403,11159
973,20160301,2014
974,20160419,1460
975,20140817,37
976,20140204,14
977,20120602,6
978,20150619,12058
979,20150501,2655
980,20130404,5933
981,20160302,1804
982,20151230,9
983,20140818,25
984,20140205,18
985,20120603,13
986,20150502,3683
987,20120604,1569
988,20130405,5560
989,20160303,2023
990,20151231,8
991,20140819,27
992,20140701,50
993,20140206,19
994,20150503,902
995,20120605,14278
996,20130406,1264
997,20160304,839
998,20140702,35
999,20140207,15
1000,20130901,20
1001,20120606,7279
1002,20160305,6
1003,20150504,88
1004,20140703,48
1005,20140208,8
1006,20130902,16
1007,20130407,28
1008,20110805,1
1009,20150505,3222
1010,20120607,8297
1011,20130408,20226
1012,20160306,15
1013,20140704,36
1014,20140209,5
1015,20130903,17
1016,20150506,1379
1017,20120608,2206
1018,20130409,11651
1019,20160307,14
1020,20140705,30
1021,20131020,4
1022,20130904,14
1023,20150507,2699
1024,20160308,8
1025,20140706,32
1026,20131021,9
1027,20130905,20
1028,20130130,4
1029,20121220,19
1030,20120609,5
1031,20110808,1
1032,20150508,3760
1033,20160309,12318
1034,20140707,32
1035,20131022,4
1036,20130906,7
1037,20130131,4
1038,20121221,5
1039,20150509,2109
1040,20110530,14470
1041,20151120,22
1042,20140708,23
1043,20131023,5
1044,20130907,7
1045,20121222,7
1046,20120331,2
1047,20110531,6467
1048,20151121,24
1049,20140709,39
1050,20130908,13
1051,20121223,3
1052,20140430,2269
1053,20151122,23
1054,20131025,6
1055,20130909,17
1056,20121224,3
1057,20130630,741
1058,20151123,17
1059,20131026,5
1060,20121225,7
1061,20151124,12
1062,20131027,6
1063,20121226,2
1064,20120830,2
1065,20160530,689
1066,20151125,6
1067,20131028,6
1068,20121227,5
1069,20120831,5
1070,20160531,2625
1071,20151126,5
1072,20150730,18
1073,20131029,2
1074,20121228,6
1075,20121110,1
1076,20151127,6
1077,20150731,36
1078,20140930,10
1079,20121229,8
1080,20121111,1
1081,20151128,9
1082,20151010,34
1083,20121112,1
1084,20151129,13
1085,20151011,27
1086,20150120,31
1087,20141210,10
1088,20121113,4
1089,20120222,1
1090,20151012,22
1091,20150121,18
1092,20141211,33
1093,20140320,37
1094,20121114,3
1095,20130520,1753
1096,20151013,18
1097,20150122,20
1098,20141212,8
1099,20140321,39
1100,20120224,2
1101,20110423,1
1102,20121115,2
1103,20130521,9187
1104,20151014,12
1105,20150123,108
1106,20141213,12
1107,20140322,29
1108,20121116,3
1109,20120720,7
1110,20130522,5101
1111,20160420,2133
1112,20151015,28
1113,20150124,29
1114,20141214,9
1115,20140323,24
1116,20120721,7
1117,20121117,1
1118,20150620,8913
1119,20130523,3874
1120,20160421,2034
1121,20151016,32
1122,20150125,26
1123,20141215,17
1124,20140324,21
1125,20121118,4
1126,20110921,2
1127,20110426,1
1128,20120722,3
1129,20150621,7202
1130,20130524,4008
1131,20160422,90
1132,20151017,19
1133,20150126,23
1134,20141216,11
1135,20140820,27
1136,20140325,27
1137,20121119,9
1138,20121001,3
1139,20120723,14
1140,20120228,1
1141,20150622,6320
1142,20130525,3008
1143,20140326,35
1144,20160423,145
1145,20151018,72
1146,20150127,35
1147,20141217,10
1148,20140821,31
1149,20121002,3
1150,20120724,1
1151,20150623,1671
1152,20130526,3038
1153,20160424,2360
1154,20151019,29
1155,20150128,19
1156,20141218,8
1157,20140822,36
1158,20140327,38
1159,20121003,6
1160,20120725,8
1161,20110429,1
1162,20150624,3204
1163,20130527,6306
1164,20160425,872
1165,20150129,27
1166,20141219,11
1167,20141101,21
1168,20140823,16
1169,20140328,33
1170,20140210,7
1171,20121004,4
1172,20120726,4
1173,20150625,1379
1174,20130410,2227
1175,20130528,1395
1176,20160426,1222
1177,20141102,18
1178,20140824,29
1179,20140329,29
1180,20140211,4
1181,20121005,3
1182,20120727,4
1183,20150626,2947
1184,20110927,1308
1185,20130529,2113
1186,20160427,5224
1187,20141103,9
1188,20140825,24
1189,20130411,31
1190,20121006,3
1191,20120728,7
1192,20120610,6
1193,20140212,2
1194,20150627,3860
1195,20110928,1036
1196,20160310,1494
1197,20160428,95
1198,20141104,18
1199,20140826,25
1200,20140213,11
1201,20130412,13
1202,20120729,2
1203,20120611,9
1204,20111206,1
1205,20120116,1
1206,20121007,1
1207,20150628,918
1208,20150510,3140
1209,20110929,978
1210,20160429,501
1211,20160311,18
1212,20141105,13
1213,20140827,32
1214,20140214,12
1215,20130413,8
1216,20120612,16
1217,20121008,2
1218,20150629,674
1219,20150511,1883
1220,20160312,20
1221,20141106,7
1222,20140828,27
1223,20140710,47
1224,20140215,8
1225,20130414,12
1226,20121009,3
1227,20120613,4
1228,20150512,5865
1229,20130415,36840
1230,20160313,18
1231,20141107,16
1232,20140829,28
1233,20140711,46
1234,20140216,12
1235,20130910,13
1236,20120614,4
1237,20110813,1
1238,20150513,1449
1239,20130416,9855
1240,20160314,11
1241,20141108,7
1242,20140712,54
1243,20140217,51
1244,20130911,9
1245,20120615,6
1246,20150514,2675
1247,20130417,5128
1248,20160315,3701
1249,20141109,17
1250,20140713,56
1251,20140218,27
1252,20130912,5
1253,20120616,1
1254,20150515,3507
1255,20130418,1370
1256,20160316,5979
1257,20140714,52
1258,20140219,15
1259,20140101,5
1260,20130913,7
1261,20120617,6
1262,20150516,2239
1263,20130419,2134
1264,20160317,4852
1265,20140715,43
1266,20140102,5
1267,20131030,6
1268,20130301,10
1269,20120618,4
1270,20110817,2
1271,20130914,8
1272,20150517,785
1273,20120501,6390
1274,20160318,3013
1275,20140716,49
1276,20140103,4
1277,20131031,7
1278,20130915,7
1279,20130302,8
1280,20121230,4
1281,20110818,1
1282,20120619,8
1283,20150518,42414
1284,20110701,1056
1285,20120502,6472
1286,20160201,1648
1287,20160319,2280
1288,20140717,33
1289,20140104,6
1290,20130916,4
1291,20130303,3
1292,20150519,18448
1293,20110702,2006
1294,20120503,4696
1295,20160202,1487
1296,20151130,13
1297,20150401,37
1298,20140718,81
1299,20140105,7
1300,20130917,4
1301,20130304,11
1302,20150402,60
1303,20110703,1810
1304,20120504,3575
1305,20160203,1232
1306,20140719,81
1307,20140601,66
1308,20140106,9
1309,20130918,10
1310,20130305,2
1311,20150403,1225
1312,20110704,3980
1313,20120505,1055
1314,20160204,1301
1315,20140602,796
1316,20130919,4
1317,20130801,8
1318,20140107,5
1319,20130306,5
1320,20110705,2586
1321,20120506,1170
1322,20160205,1295
1323,20140603,6436
1324,20150404,46
1325,20140108,4
1326,20130802,9
1327,20130307,7
1328,20110706,2463
1329,20120507,2260
1330,20160206,1329
1331,20150405,35
1332,20140604,115
1333,20140109,6
1334,20130803,9
1335,20130308,7
1336,20150406,664
1337,20110707,2816
1338,20120508,7302
1339,20160207,1420
1340,20140605,2088
1341,20150901,11
1342,20130804,16
1343,20130309,8
1344,20150407,4510
1345,20110708,2686
1346,20120509,6497
1347,20160208,1365
1348,20140606,2635
1349,20150902,18
1350,20130805,14
1351,20121120,2
1352,20150408,6815
1353,20110709,1946
1354,20160209,1375
1355,20140607,720
1356,20150903,21
1357,20130806,13
1358,20121121,6
1359,20150409,2020
1360,20140608,1491
1361,20151020,31
1362,20150904,23
1363,20130807,7
1364,20121122,2
1365,20110430,2
1366,20151021,35
1367,20150905,18
1368,20150130,34
1369,20141220,14
1370,20140609,71
1371,20130808,15
1372,20121123,4
1373,20151022,8
1374,20150906,18
1375,20150131,35
1376,20140330,28
1377,20130809,12
1378,20121124,4
1379,20141221,12
1380,20130530,2644
1381,20151023,14
1382,20150907,25
1383,20141222,7
1384,20140331,41
1385,20121125,4
1386,20130531,920
1387,20151024,12
1388,20150908,18
1389,20141223,15
1390,20121126,6
1391,20120730,3
1392,20110930,278
1393,20160430,1672
1394,20151025,26
1395,20150909,22
1396,20141224,18
1397,20120731,5
1398,20121127,2
1399,20150630,1275
1400,20151026,22
1401,20141225,15
1402,20121128,3
1403,20151027,19
1404,20141226,6
1405,20140830,26
1406,20121129,9
1407,20121011,2
1408,,8
1409,20151028,9
1410,20141227,20
1411,20140831,43
1412,20121012,7
1413,20151029,24
1414,20141228,20
1415,20141110,11
1416,20121013,1
1417,20141229,41
1418,20141111,41
1419,20140220,18
1420,20121014,2
1421,20111213,1
1422,20130420,2892
1423,20141112,25
1424,20140221,5
1425,20120124,1
1426,20121015,4
1427,20130421,3037
1428,20141113,14
1429,20140222,9
1430,20121016,4
1431,20120620,7
1432,20130422,2049
1433,20160320,2379
1434,20141114,40
1435,20140223,3
1436,20121017,2
1437,20120621,10
1438,20150520,8073
1439,20110821,720
1440,20160321,2373
1441,20141115,21
1442,20140224,13
1443,20130423,21
1444,20120622,6
1445,20121018,2
1446,20150521,1959
1447,20110822,1150
1448,20160322,2214
1449,20141116,8
1450,20140720,77
1451,20140225,6
1452,20130424,19
1453,20120623,4
1454,20111218,1
1455,20121019,3
1456,20150522,4355
1457,20110823,1664
1458,20160323,2513
1459,20141117,15
1460,20140721,110
1461,20140226,9
1462,20130920,9
1463,20130425,14
1464,20120624,3
1465,20120129,1
1466,20150523,4648
1467,20110824,1484
1468,20160324,2893
1469,20141118,15
1470,20140722,92
1471,20140227,23
1472,20130921,6
1473,20130426,15
1474,20120625,3
1475,20150524,1234
1476,20110825,1476
1477,20160325,2828
1478,20141119,22
1479,20141001,6
1480,20140723,108
1481,20140228,20
1482,20140110,8
1483,20130922,2
1484,20130427,14
1485,20120626,7
1486,20110826,1196
1487,20160326,2669
1488,20150525,160
1489,20141002,10
1490,20140724,47
1491,20140111,4
1492,20131201,28
1493,20130923,11
1494,20130428,16
1495,20130310,21
1496,20120627,4
1497,20110827,1548
1498,20120510,1640
1499,20130429,37859
1500,20160327,3325
1501,20150526,72
1502,20141003,11
1503,20140725,50
1504,20140112,5
1505,20131202,22
1506,20130924,7
1507,20130311,8
1508,20120628,4
1509,20150527,3011
1510,20110828,1478
1511,20110710,452
1512,20160210,1717
1513,20160328,3269
1514,20141004,14
1515,20140726,95
1516,20140113,6
1517,20131203,23
1518,20130925,3
1519,20130312,11
1520,20120629,5
1521,20120511,6
1522,20150528,2320
1523,20110829,1163
1524,20120512,2817
1525,20160211,2023
1526,20160329,2889
1527,20150410,72
1528,20141005,16
1529,20140727,45
1530,20140114,9
1531,20131204,27
1532,20130926,4
1533,20130313,20
1534,20150411,4260
1535,20150529,1329
1536,20120513,996
1537,20160212,4751
1538,20141006,17
1539,20140728,35
1540,20140610,53
1541,20140115,3
1542,20131205,32
1543,20130314,28
1544,20130927,1
1545,20150412,3006
1546,20120514,1815
1547,20160213,2485
1548,20141007,25
1549,20140729,23
1550,20140611,49
1551,20140116,9
1552,20131206,16
1553,20130928,4
1554,20130810,11
1555,20130315,14
1556,20110713,1
1557,20110714,3948
1558,20120515,2010
1559,20160214,2021
1560,20150413,259
1561,20141008,7
1562,20140612,80
1563,20140117,6
1564,20130929,6
1565,20130811,4
1566,20130316,14
1567,20131207,2
1568,20150414,346
1569,20110715,852
1570,20160215,5614
1571,20141009,18
1572,20140613,77
1573,20140118,4
1574,20131208,1
1575,20130812,14
1576,20130317,21
1577,20120516,7
1578,20150415,4762
1579,20160216,2966
1580,20150910,16
1581,20140614,69
1582,20140119,6
1583,20131209,5
1584,20130813,11
1585,20130318,8
1586,20120517,11
1587,20150416,2124
1588,20120518,1802
1589,20160217,2042
1590,20150911,23
1591,20140615,62
1592,20130814,16
1593,20130319,13
1594,20130201,6
1595,20150417,4439
1596,20120519,3895
1597,20160218,1898
1598,20150912,14
1599,20140616,133
1600,20130815,10
1601,20120401,18
1602,20110718,1
1603,20121130,2
1604,20130202,2
1605,20150418,1688
1606,20110601,1060
1607,20160219,2012
1608,20160101,2
1609,20150913,24
1610,20140617,151
1611,20130816,13
1612,20130203,6
1613,20120402,74
1614,20110602,2645
1615,20120403,2816
1616,20160102,13
1617,20151030,16
1618,20150914,16
1619,20150419,46
1620,20150301,49
1621,20140618,86
1622,20130204,1
1623,20130817,10
1624,20110603,2274
1625,20120404,6421
1626,20160103,13
1627,20151031,26
1628,20150915,20
1629,20150302,20
1630,20141230,17
1631,20140619,82
1632,20140501,34
1633,20130818,11
1634,20130205,5
1635,20110604,1736
1636,20120405,2396
1637,20140502,5986
1638,20160104,12
1639,20150916,18
1640,20150303,21
1641,20141231,19
1642,20130819,7
1643,20130701,10
1644,20130206,5
1645,20110605,1950
1646,20140503,3375
1647,20160105,6
1648,20150917,12
1649,20150304,16
1650,20130702,12
1651,20130207,4
1652,20120901,5
1653,20120406,7
1654,20110606,14192
1655,20140504,3211
1656,20160601,212
1657,20160106,12
1658,20150918,5
1659,20150305,7
1660,20130703,14
1661,20130208,6
1662,20120902,1
1663,20120407,4
1664,20110607,7752
1665,20140505,5818
1666,20160602,175
1667,20160107,9
1668,20150801,18
1669,20150306,11
1670,20130704,9
1671,20150919,5
1672,20130209,3
1673,20120903,2
1674,20120408,1
1675,20110608,4366
1676,20120409,2513
1677,20140506,6891
1678,20160603,2335
1679,20160108,7
1680,20150802,15
1681,20150307,17
1682,20130705,6
1683,20120904,4
1684,20121020,3
1685,20110609,3626
1686,20160109,791
1687,20140507,8862
1688,20160604,112
1689,20150803,31
1690,20150308,18
1691,20130706,20
1692,20121021,3
1693,20111220,1
1694,20120905,2
